admin1Name,admin1Pcode,admin2Name,admin2Pcode,Pop2016
Abia,NG001,Aba North,NG001001,138237
Abia,NG001,Aba South,NG001002,545102
Abia,NG001,Arochukwu,NG001003,218896
Abia,NG001,Bende,NG001004,247068
Abia,NG001,Ikwuano,NG001005,177468
Abia,NG001,Isiala-Ngwa North,NG001006,197712
Abia,NG001,Isiala-Ngwa South,NG001007,173313
Abia,NG001,Isiukwuato,NG001008,147180
Abia,NG001,Obi Ngwa,NG001009,233343
Abia,NG001,Ohafia,NG001010,315272
Abia,NG001,Osisioma Ngwa,NG001011,282462
Abia,NG001,Ugwunagbo,NG001012,106252
Abia,NG001,Ukwa East,NG001013,75704
Abia,NG001,Ukwa West,NG001014,113888
Abia,NG001,Umuahia North,NG001015,283784
Abia,NG001,Umuahia South,NG001016,178210
Abia,NG001,Umu-Nneochi,NG001017,210823
Adamawa,NG002,Demsa,NG002001,235871
Adamawa,NG002,Fufore,NG002002,271250
Adamawa,NG002,Ganye,NG002003,214719
Adamawa,NG002,Girei,NG002005,170108
Adamawa,NG002,Gombi,NG002004,191613
Adamawa,NG002,Guyuk,NG002006,232644
Adamawa,NG002,Hong,NG002007,221313
Adamawa,NG002,Jada,NG002008,220459
Adamawa,NG002,Lamurde,NG002009,147611
Adamawa,NG002,Madagali,NG002010,176431
Adamawa,NG002,Maiha,NG002011,145533
Adamawa,NG002,Mayo-Belwa,NG002012,200380
Adamawa,NG002,Michika,NG002013,203224
Adamawa,NG002,Mubi North,NG002014,197688
Adamawa,NG002,Mubi South,NG002015,168723
Adamawa,NG002,Numan,NG002016,118717
Adamawa,NG002,Shelleng,NG002017,195067
Adamawa,NG002,Song,NG002018,252158
Adamawa,NG002,Toungo,NG002019,68098
Adamawa,NG002,Yola North,NG002020,259420
Adamawa,NG002,Yola South,NG002021,254657
Akwa Ibom,NG003,Abak,NG003001,189947
Akwa Ibom,NG003,Eastern Obolo,NG003002,82680
Akwa Ibom,NG003,Eket,NG003003,235651
Akwa Ibom,NG003,Esit - Eket,NG003004,86993
Akwa Ibom,NG003,Essien Udim,NG003005,263116
Akwa Ibom,NG003,Etim Ekpo,NG003006,143963
Akwa Ibom,NG003,Etinan,NG003007,231182
Akwa Ibom,NG003,Ibeno,NG003008,102942
Akwa Ibom,NG003,Ibesikpo Asutan,NG003009,187231
Akwa Ibom,NG003,Ibiono Ibom,NG003010,258981
Akwa Ibom,NG003,Ika,NG003011,99609
Akwa Ibom,NG003,Ikono,NG003012,180134
Akwa Ibom,NG003,Ikot Abasi,NG003013,180296
Akwa Ibom,NG003,Ikot Ekpene,NG003014,195392
Akwa Ibom,NG003,Ini,NG003015,135466
Akwa Ibom,NG003,Itu,NG003016,173482
Akwa Ibom,NG003,Mbo,NG003017,142043
Akwa Ibom,NG003,Mkpat Enin,NG003018,243134
Akwa Ibom,NG003,Nsit Atai,NG003019,101870
Akwa Ibom,NG003,Nsit Ibom,NG003020,148324
Akwa Ibom,NG003,Nsit Ubium,NG003021,175118
Akwa Ibom,NG003,Obot Akara,NG003022,202499
Akwa Ibom,NG003,Okobo,NG003023,142105
Akwa Ibom,NG003,Onna,NG003024,168484
Akwa Ibom,NG003,Oron,NG003025,119441
Akwa Ibom,NG003,Oruk Anam,NG003026,235784
Akwa Ibom,NG003,Udung Uko,NG003027,72759
Akwa Ibom,NG003,Ukanafun,NG003028,173482
Akwa Ibom,NG003,Uruan,NG003029,161556
Akwa Ibom,NG003,Urue-Offong/Oruko,NG003030,97178
Akwa Ibom,NG003,Uyo,NG003031,422767
Anambra,NG004,Aguata,NG004001,480223
Anambra,NG004,Anambra East,NG004002,198916
Anambra,NG004,Anambra West,NG004003,217188
Anambra,NG004,Anaocha,NG004004,369732
Anambra,NG004,Awka North,NG004005,146086
Anambra,NG004,Awka South,NG004006,245253
Anambra,NG004,Ayamelum,NG004007,205505
Anambra,NG004,Dunukofia,NG004008,125036
Anambra,NG004,Ekwusigo,NG004009,205272
Anambra,NG004,Idemili North,NG004010,558853
Anambra,NG004,Idemili South,NG004011,269426
Anambra,NG004,Ihiala,NG004012,391988
Anambra,NG004,Njikoka,NG004013,192603
Anambra,NG004,Nnewi North,NG004014,204414
Anambra,NG004,Nnewi South,NG004015,303124
Anambra,NG004,Ogbaru,NG004016,287843
Anambra,NG004,Onitsha North,NG004017,162087
Anambra,NG004,Onitsha South,NG004018,177291
Anambra,NG004,Orumba North,NG004019,223660
Anambra,NG004,Orumba South,NG004020,242851
Anambra,NG004,Oyi,NG004021,217983
Bauchi,NG005,Alkaleri,NG005001,449876
Bauchi,NG005,Bauchi,NG005002,674369
Bauchi,NG005,Bogoro,NG005003,115008
Bauchi,NG005,Damban,NG005004,206106
Bauchi,NG005,Darazo,NG005005,343592
Bauchi,NG005,Dass,NG005006,122830
Bauchi,NG005,Gamawa,NG005007,391104
Bauchi,NG005,Ganjuwa,NG005008,383019
Bauchi,NG005,Giade,NG005009,214364
Bauchi,NG005,Itas/Gadau,NG005010,314093
Bauchi,NG005,Jama'are,NG005011,160986
Bauchi,NG005,Katagum,NG005012,404190
Bauchi,NG005,Kirfi,NG005013,201594
Bauchi,NG005,Misau,NG005014,359829
Bauchi,NG005,Ningi,NG005015,528767
Bauchi,NG005,Shira,NG005016,319580
Bauchi,NG005,Tafawa-Balewa,NG005017,300425
Bauchi,NG005,Toro,NG005018,478527
Bauchi,NG005,Warji,NG005019,156667
Bauchi,NG005,Zaki,NG005020,261462
Bayelsa,NG006,Brass,NG006001,242150
Bayelsa,NG006,Ekeremor,NG006002,353650
Bayelsa,NG006,Kolokuma/Opokuma,NG006003,101142
Bayelsa,NG006,Nembe,NG006004,171332
Bayelsa,NG006,Ogbia,NG006005,235446
Bayelsa,NG006,Sagbama,NG006006,244894
Bayelsa,NG006,Southern Ijaw,NG006007,417975
Bayelsa,NG006,Yenegoa,NG006008,462376
Benue,NG007,Ado,NG007001,236105
Benue,NG007,Agatu,NG007002,152478
Benue,NG007,Apa,NG007003,127719
Benue,NG007,Buruku,NG007004,268890
Benue,NG007,Gboko,NG007005,473757
Benue,NG007,Guma,NG007006,252890
Benue,NG007,Gwer East,NG007007,215996
Benue,NG007,Gwer West,NG007008,161218
Benue,NG007,Katsina-Ala,NG007009,296603
Benue,NG007,Konshisha,NG007010,297863
Benue,NG007,Kwande,NG007011,328253
Benue,NG007,Logo,NG007012,223145
Benue,NG007,Makurdi,NG007013,392533
Benue,NG007,Obi,NG007014,130478
Benue,NG007,Ogbadibo,NG007015,169879
Benue,NG007,Ohimini,NG007016,94349
Benue,NG007,Oju,NG007017,224693
Benue,NG007,Okpokwu,NG007018,233155
Benue,NG007,Oturkpo,NG007019,345371
Benue,NG007,Tarka,NG007020,104923
Benue,NG007,Ukum,NG007021,286324
Benue,NG007,Ushongo,NG007022,248590
Benue,NG007,Vandeikya,NG007023,303734
Borno,NG008,Abadam,NG008001,136810
Borno,NG008,Askira/Uba,NG008002,188583
Borno,NG008,Bama,NG008003,368705
Borno,NG008,Bayo,NG008004,107856
Borno,NG008,Biu,NG008005,240452
Borno,NG008,Chibok,NG008006,90276
Borno,NG008,Damboa,NG008007,316246
Borno,NG008,Dikwa,NG008008,144634
Borno,NG008,Gubio,NG008009,208640
Borno,NG008,Guzamala,NG008010,130621
Borno,NG008,Gwoza,NG008011,377344
Borno,NG008,Hawul,NG008012,164306
Borno,NG008,Jere,NG008013,288430
Borno,NG008,Kaga,NG008014,122928
Borno,NG008,Kala/Balge,NG008015,83027
Borno,NG008,Konduga,NG008016,213811
Borno,NG008,Kukawa,NG008017,278406
Borno,NG008,Kwaya Kusar,NG008018,77159
Borno,NG008,Mafa,NG008019,141369
Borno,NG008,Magumeri,NG008020,191506
Borno,NG008,Maiduguri,NG008021,712173
Borno,NG008,Marte,NG008022,176673
Borno,NG008,Mobbar,NG008023,159308
Borno,NG008,Monguno,NG008024,150017
Borno,NG008,Ngala,NG008025,323755
Borno,NG008,Nganzai,NG008026,136290
Borno,NG008,Shani,NG008027,139729
Cross River,NG009,Abi,NG009001,189484
Cross River,NG009,Akamkpa,NG009002,197758
Cross River,NG009,Akpabuyo,NG009003,355140
Cross River,NG009,Bakassi,NG009005,42378
Cross River,NG009,Bekwara,NG009006,138476
Cross River,NG009,Biase,NG009007,221388
Cross River,NG009,Boki,NG009008,243579
Cross River,NG009,Calabar South,NG009009,250761
Cross River,NG009,Calabar-Municipal,NG009010,234747
Cross River,NG009,Etung,NG009011,104942
Cross River,NG009,Ikom,NG009012,212490
Cross River,NG009,Obanliku,NG009013,144367
Cross River,NG009,Obubra,NG009014,225655
Cross River,NG009,Obudu,NG009015,209510
Cross River,NG009,Odukpani,NG009016,251827
Cross River,NG009,Ogoja,NG009017,224945
Cross River,NG009,Yakurr,NG009018,257069
Cross River,NG009,Yala,NG009019,275903
Delta,NG010,Aniocha North,NG010001,140593
Delta,NG010,Aniocha South,NG010002,188785
Delta,NG010,Bomadi,NG010003,116335
Delta,NG010,Burutu,NG010004,281513
Delta,NG010,Ethiope East,NG010005,269598
Delta,NG010,Ethiope West,NG010006,273358
Delta,NG010,Ika North East,NG010007,246592
Delta,NG010,Ika South,NG010008,218311
Delta,NG010,Isoko North,NG010009,193553
Delta,NG010,Isoko South,NG010010,305743
Delta,NG010,Ndokwa East,NG010011,138525
Delta,NG010,Ndokwa West,NG010012,200495
Delta,NG010,Okpe,NG010013,174587
Delta,NG010,Oshimili North,NG010014,154832
Delta,NG010,Oshimili South,NG010015,200868
Delta,NG010,Patani,NG010016,90908
Delta,NG010,Sapele,NG010017,230790
Delta,NG010,Udu,NG010018,192487
Delta,NG010,Ughelli North,NG010019,431036
Delta,NG010,Ughelli South,NG010020,286763
Delta,NG010,Ukwuani,NG010021,161645
Delta,NG010,Uvwie,NG010022,257085
Delta,NG010,Warri North,NG010023,184349
Delta,NG010,Warri South,NG010024,407390
Delta,NG010,Warri South West,NG010025,156665
Ebonyi,NG011,Abakaliki,NG011001,196830
Ebonyi,NG011,Afikpo North,NG011002,203171
Ebonyi,NG011,Afikpo South,NG011003,203769
Ebonyi,NG011,Ebonyi,NG011004,164545
Ebonyi,NG011,Ezza North,NG011005,188911
Ebonyi,NG011,Ezza South,NG011006,172806
Ebonyi,NG011,Ikwo,NG011007,278405
Ebonyi,NG011,Ishielu,NG011008,195954
Ebonyi,NG011,Ivo,NG011009,156868
Ebonyi,NG011,Izzi,NG011010,303661
Ebonyi,NG011,Ohaozara,NG011011,192812
Ebonyi,NG011,Ohaukwu,NG011012,254707
Ebonyi,NG011,Onicha,NG011013,307236
Edo,NG012,Akoko-Edo,NG012001,337091
Edo,NG012,Egor,NG012002,437133
Edo,NG012,Esan Central,NG012003,135436
Edo,NG012,Esan North East,NG012004,153487
Edo,NG012,Esan South East,NG012005,215701
Edo,NG012,Esan West,NG012006,161841
Edo,NG012,Etsako Central,NG012007,121630
Edo,NG012,Etsako East,NG012008,187761
Edo,NG012,Etsako West,NG012009,254139
Edo,NG012,Igueben,NG012010,89560
Edo,NG012,Ikpoba-Okha,NG012011,477268
Edo,NG012,Oredo,NG012012,481852
Edo,NG012,Orhionmwon,NG012013,234986
Edo,NG012,Ovia North East,NG012014,197860
Edo,NG012,Ovia South West,NG012015,174077
Edo,NG012,Owan East,NG012016,198550
Edo,NG012,Owan West,NG012017,125248
Edo,NG012,Uhunmwonde,NG012018,155374
Ekiti,NG013,Ado Ekiti,NG013001,410855
Ekiti,NG013,Aiyekire (Gbonyin),NG013002,197283
Ekiti,NG013,Efon,NG013003,115741
Ekiti,NG013,Ekiti East,NG013004,183654
Ekiti,NG013,Ekiti South West,NG013005,220027
Ekiti,NG013,Ekiti West,NG013006,239483
Ekiti,NG013,Emure,NG013007,124984
Ekiti,NG013,Ido-Osi,NG013008,211822
Ekiti,NG013,Ijero,NG013009,294748
Ekiti,NG013,Ikere,NG013010,196168
Ekiti,NG013,Ikole,NG013011,224232
Ekiti,NG013,Ilejemeji,NG013012,57950
Ekiti,NG013,Irepodun/Ifelodun,NG013013,171931
Ekiti,NG013,Ise/Orun,NG013014,151436
Ekiti,NG013,Moba,NG013015,195024
Ekiti,NG013,Oye,NG013016,178668
Enugu,NG014,Aninri,NG014001,176500
Enugu,NG014,Awgu,NG014002,261515
Enugu,NG014,Enugu East,NG014003,368367
Enugu,NG014,Enugu North,NG014004,323178
Enugu,NG014,Enugu South,NG014005,262293
Enugu,NG014,Ezeagu,NG014006,224009
Enugu,NG014,Igbo-Etiti,NG014007,276185
Enugu,NG014,Igbo-Eze North,NG014008,342421
Enugu,NG014,Igbo-Eze South,NG014009,194457
Enugu,NG014,Isi-Uzo,NG014010,195892
Enugu,NG014,Nkanu East,NG014011,196366
Enugu,NG014,Nkanu West,NG014012,193622
Enugu,NG014,Nsukka,NG014013,408682
Enugu,NG014,Oji-River,NG014014,167081
Enugu,NG014,Udenu,NG014015,235556
Enugu,NG014,Udi,NG014016,308857
Enugu,NG014,Uzo-Uwani,NG014017,164300
Federal Capital Territory,NG015,Abaji,NG015001,124635
Federal Capital Territory,NG015,Abuja Municipal,NG015002,1660338
Federal Capital Territory,NG015,Bwari,NG015003,484551
Federal Capital Territory,NG015,Gwagwalada,NG015004,336453
Federal Capital Territory,NG015,Kuje,NG015005,207641
Federal Capital Territory,NG015,Kwali,NG015006,183052
Gombe,NG016,Akko,NG016001,453627
Gombe,NG016,Balanga,NG016002,285384
Gombe,NG016,Billiri,NG016003,271414
Gombe,NG016,Dukku,NG016004,278189
Gombe,NG016,Funakaye,NG016005,316988
Gombe,NG016,Gombe,NG016006,359837
Gombe,NG016,Kaltungo,NG016007,201139
Gombe,NG016,Kwami,NG016008,262222
Gombe,NG016,Nafada,NG016009,185537
Gombe,NG016,Shomgom,NG016010,203442
Gombe,NG016,Yamaltu/Deba,NG016011,342715
Imo,NG017,Aboh-Mbaise,NG017001,262697
Imo,NG017,Ahiazu-Mbaise,NG017002,229466
Imo,NG017,Ehime-Mbano,NG017003,175798
Imo,NG017,Ezinihitte,NG017004,222337
Imo,NG017,Ideato North,NG017005,212688
Imo,NG017,Ideato South,NG017006,214665
Imo,NG017,Ihitte/Uboma,NG017007,162120
Imo,NG017,Ikeduru,NG017008,200483
Imo,NG017,Isiala Mbano,NG017009,266838
Imo,NG017,Isu,NG017010,220827
Imo,NG017,Mbaitoli,NG017011,318959
Imo,NG017,Ngor-Okpala,NG017012,214737
Imo,NG017,Njaba,NG017013,194835
Imo,NG017,Nkwerre,NG017014,107618
Imo,NG017,Nwangele,NG017015,172496
Imo,NG017,Obowo,NG017016,158589
Imo,NG017,Oguta,NG017017,192013
Imo,NG017,Ohaji/Egbema,NG017018,245089
Imo,NG017,Okigwe,NG017019,177551
Imo,NG017,Orlu,NG017020,191622
Imo,NG017,Orsu,NG017021,161125
Imo,NG017,Oru East,NG017022,150141
Imo,NG017,Oru West,NG017023,157753
Imo,NG017,Owerri North,NG017024,235498
Imo,NG017,Owerri West,NG017025,133281
Imo,NG017,Owerri-Municipal,NG017026,170806
Imo,NG017,Unuimo,NG017027,133256
Jigawa,NG018,Auyo,NG018001,172733
Jigawa,NG018,Babura,NG018002,272315
Jigawa,NG018,Biriniwa,NG018003,186248
Jigawa,NG018,Birni Kudu,NG018004,410071
Jigawa,NG018,Buji,NG018005,127417
Jigawa,NG018,Dutse,NG018006,322096
Jigawa,NG018,Gagarawa,NG018007,105201
Jigawa,NG018,Garki,NG018008,199208
Jigawa,NG018,Gumel,NG018009,140228
Jigawa,NG018,Guri,NG018010,150509
Jigawa,NG018,Gwaram,NG018011,356693
Jigawa,NG018,Gwiwa,NG018012,162939
Jigawa,NG018,Hadejia,NG018013,138222
Jigawa,NG018,Jahun,NG018014,299786
Jigawa,NG018,Kafin Hausa,NG018015,354699
Jigawa,NG018,Kaugama,NG018016,167439
Jigawa,NG018,Kazaure,NG018017,211326
Jigawa,NG018,Kiri Kasamma,NG018018,250621
Jigawa,NG018,Kiyawa,NG018019,226269
Jigawa,NG018,Maigatari,NG018020,235170
Jigawa,NG018,Malam Madori,NG018021,211220
Jigawa,NG018,Miga,NG018022,168052
Jigawa,NG018,Ringim,NG018023,251277
Jigawa,NG018,Roni,NG018024,101832
Jigawa,NG018,Sule-Tankarkar,NG018025,171225
Jigawa,NG018,Taura,NG018026,172413
Jigawa,NG018,Yankwashi,NG018027,125307
Kaduna,NG019,Birnin-Gwari,NG019001,333092
Kaduna,NG019,Chikun,NG019002,486050
Kaduna,NG019,Giwa,NG019003,378053
Kaduna,NG019,Igabi,NG019004,567856
Kaduna,NG019,Ikara,NG019005,255961
Kaduna,NG019,Jaba,NG019006,205081
Kaduna,NG019,Jema'a,NG019007,367900
Kaduna,NG019,Kachia,NG019008,322415
Kaduna,NG019,Kaduna North,NG019009,472117
Kaduna,NG019,Kaduna South,NG019010,531111
Kaduna,NG019,Kagarko,NG019011,318019
Kaduna,NG019,Kajuru,NG019012,146334
Kaduna,NG019,Kaura,NG019013,293780
Kaduna,NG019,Kauru,NG019014,224392
Kaduna,NG019,Kubau,NG019015,372269
Kaduna,NG019,Kudan,NG019016,183454
Kaduna,NG019,Lere,NG019017,437097
Kaduna,NG019,Markafi,NG019018,193046
Kaduna,NG019,Sabon-Gari,NG019019,378639
Kaduna,NG019,Sanga,NG019020,197103
Kaduna,NG019,Soba,NG019021,387085
Kaduna,NG019,Zango-Kataf,NG019022,417574
Kaduna,NG019,Zaria,NG019023,538777
Kano,NG020,Ajingi,NG020001,235805
Kano,NG020,Albasu,NG020002,257493
Kano,NG020,Bagwai,NG020003,220517
Kano,NG020,Bebeji,NG020004,255741
Kano,NG020,Bichi,NG020005,375230
Kano,NG020,Bunkure,NG020006,231410
Kano,NG020,Dala,NG020007,567081
Kano,NG020,Dambatta,NG020008,281617
Kano,NG020,Dawakin Kudu,NG020009,305207
Kano,NG020,Dawakin Tofa,NG020010,335656
Kano,NG020,Doguwa,NG020011,204720
Kano,NG020,Fagge,NG020012,269240
Kano,NG020,Gabasawa,NG020013,285797
Kano,NG020,Garko,NG020014,220047
Kano,NG020,Garum Mallam,NG020015,157749
Kano,NG020,Gaya,NG020016,272203
Kano,NG020,Gezawa,NG020017,381960
Kano,NG020,Gwale,NG020018,490277
Kano,NG020,Gwarzo,NG020019,249143
Kano,NG020,Kabo,NG020020,208304
Kano,NG020,Kano Municipal,NG020021,494970
Kano,NG020,Karaye,NG020022,191484
Kano,NG020,Kibiya,NG020023,185159
Kano,NG020,Kiru,NG020024,358549
Kano,NG020,Kumbotso,NG020025,400796
Kano,NG020,Kunchi,NG020026,150333
Kano,NG020,Kura,NG020027,195809
Kano,NG020,Madobi,NG020028,185006
Kano,NG020,Makoda,NG020029,301158
Kano,NG020,Minjibir,NG020030,289506
Kano,NG020,Nasarawa,NG020031,807971
Kano,NG020,Rano,NG020032,196944
Kano,NG020,Rimin Gado,NG020033,141900
Kano,NG020,Rogo,NG020034,308394
Kano,NG020,Shanono,NG020035,190401
Kano,NG020,Sumaila,NG020036,343491
Kano,NG020,Takai,NG020037,274542
Kano,NG020,Tarauni,NG020038,299761
Kano,NG020,Tofa,NG020039,132345
Kano,NG020,Tsanyawa,NG020040,213520
Kano,NG020,Tudun Wada,NG020041,313810
Kano,NG020,Ungogo,NG020042,500566
Kano,NG020,Warawa,NG020043,174395
Kano,NG020,Wudil,NG020044,250771
Katsina,NG021,Bakori,NG021001,197154
Katsina,NG021,Batagarawa,NG021002,243619
Katsina,NG021,Batsari,NG021003,275828
Katsina,NG021,Baure,NG021004,260580
Katsina,NG021,Bindawa,NG021005,201093
Katsina,NG021,Charanchi,NG021006,181634
Katsina,NG021,Dan Musa,NG021007,150060
Katsina,NG021,Dandume,NG021008,192360
Katsina,NG021,Danja,NG021009,165914
Katsina,NG021,Daura,NG021010,290008
Katsina,NG021,Dutsi,NG021011,158417
Katsina,NG021,Dutsin-Ma,NG021012,223947
Katsina,NG021,Faskari,NG021013,258745
Katsina,NG021,Funtua,NG021014,297729
Katsina,NG021,Ingawa,NG021015,224056
Katsina,NG021,Jibia,NG021016,224049
Katsina,NG021,Kafur,NG021017,267785
Katsina,NG021,Kaita,NG021018,243389
Katsina,NG021,Kankara,NG021019,324349
Katsina,NG021,Kankia,NG021020,199877
Katsina,NG021,Katsina,NG021021,420331
Katsina,NG021,Kurfi,NG021022,155194
Katsina,NG021,Kusada,NG021023,131022
Katsina,NG021,Mai'adua,NG021024,265533
Katsina,NG021,Malumfashi,NG021025,241435
Katsina,NG021,Mani,NG021026,233576
Katsina,NG021,Mashi,NG021027,228518
Katsina,NG021,Matazu,NG021028,152217
Katsina,NG021,Musawa,NG021029,226644
Katsina,NG021,Rimi,NG021030,202925
Katsina,NG021,Sabuwa,NG021031,179571
Katsina,NG021,Safana,NG021032,242568
Katsina,NG021,Sandamu,NG021033,181204
Katsina,NG021,Zango,NG021034,204244
Kebbi,NG022,Aleiro,NG022001,87827
Kebbi,NG022,Arewa-Dandi,NG022002,244992
Kebbi,NG022,Argungu,NG022003,260240
Kebbi,NG022,Augie,NG022004,156139
Kebbi,NG022,Bagudo,NG022005,316596
Kebbi,NG022,Birnin Kebbi,NG022006,357337
Kebbi,NG022,Bunza,NG022007,161696
Kebbi,NG022,Dandi,NG022008,192065
Kebbi,NG022,Fakai,NG022009,161365
Kebbi,NG022,Gwandu,NG022010,201045
Kebbi,NG022,Jega,NG022011,257402
Kebbi,NG022,Kalgo,NG022012,113694
Kebbi,NG022,Koko/Besse,NG022013,205819
Kebbi,NG022,Maiyama,NG022014,233884
Kebbi,NG022,Ngaski,NG022015,166096
Kebbi,NG022,Sakaba,NG022016,119729
Kebbi,NG022,Shanga,NG022017,169264
Kebbi,NG022,Suru,NG022018,199995
Kebbi,NG022,Wasagu/Danko,NG022019,353054
Kebbi,NG022,Yauri,NG022020,132829
Kebbi,NG022,Zuru,NG022021,220386
Kogi,NG023,Adavi,NG023001,266874
Kogi,NG023,Ajaokuta,NG023002,161450
Kogi,NG023,Ankpa,NG023003,352877
Kogi,NG023,Bassa,NG023004,184776
Kogi,NG023,Dekina,NG023005,343584
Kogi,NG023,Ibaji,NG023006,169116
Kogi,NG023,Idah,NG023007,105347
Kogi,NG023,Igalamela-Odolu,NG023008,195370
Kogi,NG023,Ijumu,NG023009,158293
Kogi,NG023,Kabba/Bunu,NG023010,191973
Kogi,NG023,Kogi,NG023011,152975
Kogi,NG023,Lokoja,NG023012,257723
Kogi,NG023,Mopa-Muro,NG023013,58124
Kogi,NG023,Ofu,NG023014,253642
Kogi,NG023,Ogori/Magongo,NG023015,52297
Kogi,NG023,Okehi,NG023016,263977
Kogi,NG023,Okene,NG023017,422709
Kogi,NG023,Olamabolo,NG023018,211383
Kogi,NG023,Omala,NG023019,143079
Kogi,NG023,Yagba East,NG023020,196694
Kogi,NG023,Yagba West,NG023021,184983
Kwara,NG024,Asa,NG024001,166881
Kwara,NG024,Baruten,NG024002,276463
Kwara,NG024,Edu,NG024003,265917
Kwara,NG024,Ekiti,NG024004,72396
Kwara,NG024,Ifelodun,NG024005,271953
Kwara,NG024,Ilorin East,NG024006,269667
Kwara,NG024,Ilorin South,NG024007,275450
Kwara,NG024,Ilorin West,NG024008,481320
Kwara,NG024,Irepodun,NG024009,196149
Kwara,NG024,Isin,NG024010,78848
Kwara,NG024,Kaiama,NG024011,163883
Kwara,NG024,Moro,NG024012,143594
Kwara,NG024,Offa,NG024013,118360
Kwara,NG024,Oke-Ero,NG024014,76051
Kwara,NG024,Oyun,NG024015,124404
Kwara,NG024,Pategi,NG024016,148246
Lagos,NG025,Agege,NG025001,617548
Lagos,NG025,Ajeromi-Ifelodun,NG025002,918530
Lagos,NG025,Alimosho,NG025003,1715554
Lagos,NG025,Amuwo-Odofin,NG025004,427193
Lagos,NG025,Apapa,NG025005,291846
Lagos,NG025,Badagry,NG025006,323709
Lagos,NG025,Epe,NG025007,243573
Lagos,NG025,Eti-Osa,NG025008,386401
Lagos,NG025,Ibeju/Lekki,NG025009,157739
Lagos,NG025,Ifako-Ijaye,NG025010,574501
Lagos,NG025,Ikeja,NG025011,420520
Lagos,NG025,Ikorodu,NG025012,719162
Lagos,NG025,Kosofe,NG025013,893406
Lagos,NG025,Lagos Island,NG025014,281206
Lagos,NG025,Lagos Mainland,NG025015,426594
Lagos,NG025,Mushin,NG025016,849925
Lagos,NG025,Ojo,NG025017,803014
Lagos,NG025,Oshodi-Isolo,NG025018,834484
Lagos,NG025,Shomolu,NG025019,540659
Lagos,NG025,Surulere,NG025020,676674
Nasarawa,NG026,Akwanga,NG026001,149715
Nasarawa,NG026,Awe,NG026002,148586
Nasarawa,NG026,Doma,NG026003,184266
Nasarawa,NG026,Karu,NG026004,271207
Nasarawa,NG026,Keana,NG026005,104605
Nasarawa,NG026,Keffi,NG026006,122306
Nasarawa,NG026,Kokona,NG026007,144857
Nasarawa,NG026,Lafia,NG026008,436504
Nasarawa,NG026,Nasarawa,NG026009,250562
Nasarawa,NG026,Nasarawa-Eggon,NG026010,196834
Nasarawa,NG026,Obi,NG026011,196498
Nasarawa,NG026,Toto,NG026012,157169
Nasarawa,NG026,Wamba,NG026013,96212
Niger,NG027,Agaie,NG027001,181504
Niger,NG027,Agwara,NG027002,78406
Niger,NG027,Bida,NG027003,256988
Niger,NG027,Borgu,NG027004,234843
Niger,NG027,Bosso,NG027005,201240
Niger,NG027,Chanchaga,NG027006,275080
Niger,NG027,Edati,NG027007,218941
Niger,NG027,Gbako,NG027008,174073
Niger,NG027,Gurara,NG027009,124238
Niger,NG027,Katcha,NG027010,166849
Niger,NG027,Kontagora,NG027011,207501
Niger,NG027,Lapai,NG027012,150394
Niger,NG027,Lavun,NG027013,286672
Niger,NG027,Magama,NG027014,248073
Niger,NG027,Mariga,NG027015,272350
Niger,NG027,Mashegu,NG027016,293644
Niger,NG027,Mokwa,NG027017,334497
Niger,NG027,Muya,NG027018,141550
Niger,NG027,Paikoro,NG027019,215889
Niger,NG027,Rafi,NG027020,248450
Niger,NG027,Rijau,NG027021,240426
Niger,NG027,Shiroro,NG027022,321478
Niger,NG027,Suleja,NG027023,295768
Niger,NG027,Tafa,NG027024,114091
Niger,NG027,Wushishi,NG027025,111686
Ogun,NG028,Abeokuta North,NG028001,272627
Ogun,NG028,Abeokuta South,NG028002,338910
Ogun,NG028,Ado-Odo/Ota,NG028003,713040
Ogun,NG028,Egbado North,NG028004,246217
Ogun,NG028,Egbado South,NG028005,228646
Ogun,NG028,Ewekoro,NG028006,74689
Ogun,NG028,Ifo,NG028007,710701
Ogun,NG028,Ijebu East,NG028008,149220
Ogun,NG028,Ijebu North,NG028009,385030
Ogun,NG028,Ijebu North East,NG028010,91586
Ogun,NG028,Ijebu Ode,NG028011,208580
Ogun,NG028,Ikenne,NG028012,160783
Ogun,NG028,Imeko-Afon,NG028013,111333
Ogun,NG028,Ipokia,NG028014,203697
Ogun,NG028,Obafemi-Owode,NG028015,309895
Ogun,NG028,Odeda,NG028016,148209
Ogun,NG028,Odogbolu,NG028017,172142
Ogun,NG028,Ogun waterside,NG028018,98764
Ogun,NG028,Remo North,NG028019,81128
Ogun,NG028,Shagamu,NG028020,343154
Ondo,NG029,Akoko North East,NG029001,231521
Ondo,NG029,Akoko North West,NG029002,282182
Ondo,NG029,Akoko South East,NG029003,108793
Ondo,NG029,Akoko South West,NG029004,302897
Ondo,NG029,Akure North,NG029005,173681
Ondo,NG029,Akure South,NG029006,466200
Ondo,NG029,Ese-Odo,NG029007,204554
Ondo,NG029,Idanre,NG029008,170298
Ondo,NG029,Ifedore,NG029009,232733
Ondo,NG029,Ilaje,NG029010,383580
Ondo,NG029,Ile-Oluji-Okeigbo,NG029011,228170
Ondo,NG029,Irele,NG029012,191603
Ondo,NG029,Odigbo,NG029013,304038
Ondo,NG029,Okitipupa,NG029014,308281
Ondo,NG029,Ondo East,NG029015,98672
Ondo,NG029,Ondo West,NG029016,374416
Ondo,NG029,Ose,NG029017,191254
Ondo,NG029,Owo,NG029018,288906
Osun,NG030,Aiyedade,NG030001,201927
Osun,NG030,Aiyedire,NG030002,101836
Osun,NG030,Atakumosa East,NG030003,102308
Osun,NG030,Atakumosa West,NG030004,92165
Osun,NG030,Boluwaduro,NG030005,95028
Osun,NG030,Boripe,NG030006,187112
Osun,NG030,Ede North,NG030007,112558
Osun,NG030,Ede South,NG030008,102090
Osun,NG030,Egbedore,NG030009,99942
Osun,NG030,Ejigbo,NG030010,178094
Osun,NG030,Ife Central,NG030011,224568
Osun,NG030,Ife East,NG030012,252540
Osun,NG030,Ife North,NG030013,206361
Osun,NG030,Ife South,NG030014,181715
Osun,NG030,Ifedayo,NG030015,49757
Osun,NG030,Ifelodun,NG030016,129901
Osun,NG030,Ila,NG030017,83312
Osun,NG030,Ilesha East,NG030018,143110
Osun,NG030,Ilesha West,NG030019,139041
Osun,NG030,Irepodun,NG030020,160446
Osun,NG030,Irewole,NG030021,192807
Osun,NG030,Isokan,NG030022,138533
Osun,NG030,Iwo,NG030023,256957
Osun,NG030,Obokun,NG030024,156436
Osun,NG030,Odo-Otin,NG030025,180066
Osun,NG030,Ola-oluwa,NG030026,102839
Osun,NG030,Olorunda,NG030027,176912
Osun,NG030,Oriade,NG030028,199544
Osun,NG030,Orolu,NG030029,138399
Osun,NG030,Osogbo,NG030030,210389
Oyo,NG031,Afijio,NG031001,183233
Oyo,NG031,Akinyele,NG031002,288641
Oyo,NG031,Atiba,NG031003,231753
Oyo,NG031,Atigbo,NG031004,151302
Oyo,NG031,Egbeda,NG031005,384529
Oyo,NG031,Ibadan North,NG031006,418973
Oyo,NG031,Ibadan North East,NG031007,451207
Oyo,NG031,Ibadan North West,NG031008,208717
Oyo,NG031,Ibadan South East,NG031009,363324
Oyo,NG031,Ibadan South West,NG031010,385911
Oyo,NG031,Ibarapa Central,NG031011,140633
Oyo,NG031,Ibarapa East,NG031012,161455
Oyo,NG031,Ibarapa North,NG031013,138056
Oyo,NG031,Ido,NG031014,141018
Oyo,NG031,Irepo,NG031015,167364
Oyo,NG031,Iseyin,NG031016,350869
Oyo,NG031,Itesiwaju,NG031017,175693
Oyo,NG031,Iwajowa,NG031018,140634
Oyo,NG031,Kajola,NG031019,274490
Oyo,NG031,Lagelu,NG031020,202057
Oyo,NG031,Ogbomosho North,NG031021,271381
Oyo,NG031,Ogbomosho South,NG031022,137677
Oyo,NG031,Ogo Oluwa,NG031023,89018
Oyo,NG031,Olorunsogo,NG031024,111654
Oyo,NG031,Oluyole,NG031025,276850
Oyo,NG031,Ona-Ara,NG031026,361976
Oyo,NG031,Orelope,NG031027,142629
Oyo,NG031,Ori Ire,NG031028,205704
Oyo,NG031,Oyo East,NG031029,169130
Oyo,NG031,Oyo West,NG031030,186050
Oyo,NG031,Saki East,NG031031,150525
Oyo,NG031,Saki West,NG031032,379652
Oyo,NG031,Surulere,NG031033,194017
Plateau,NG032,Barikin Ladi,NG032001,225405
Plateau,NG032,Bassa,NG032002,240313
Plateau,NG032,Bokkos,NG032003,229504
Plateau,NG032,Jos East,NG032004,110090
Plateau,NG032,Jos North,NG032005,552109
Plateau,NG032,Jos South,NG032006,394458
Plateau,NG032,Kanam,NG032007,213356
Plateau,NG032,Kanke,NG032008,156160
Plateau,NG032,Langtang North,NG032009,180876
Plateau,NG032,Langtang South,NG032010,136715
Plateau,NG032,Mangu,NG032011,379301
Plateau,NG032,Mikang,NG032012,125277
Plateau,NG032,Pankshin,NG032013,246520
Plateau,NG032,Qua'an Pan,NG032014,253264
Plateau,NG032,Riyom,NG032015,169191
Plateau,NG032,Shendam,NG032016,267524
Plateau,NG032,Wase,NG032017,207975
Rivers,NG033,Abua/Odual,NG033001,386461
Rivers,NG033,Ahoada East,NG033002,227717
Rivers,NG033,Ahoada West,NG033003,340626
Rivers,NG033,Akuku Toru,NG033004,213049
Rivers,NG033,Andoni,NG033005,288163
Rivers,NG033,Asari-Toru,NG033006,300578
Rivers,NG033,Bonny,NG033007,294102
Rivers,NG033,Degema,NG033008,341101
Rivers,NG033,Eleme,NG033009,260680
Rivers,NG033,Emohua,NG033010,275725
Rivers,NG033,Etche,NG033011,340665
Rivers,NG033,Gokana,NG033012,312498
Rivers,NG033,Ikwerre,NG033013,259098
Rivers,NG033,Khana,NG033014,401796
Rivers,NG033,Obia/Akpor,NG033015,634736
Rivers,NG033,Ogba/Egbema/Ndoni,NG033016,387857
Rivers,NG033,Ogu/Bolo,NG033017,101990
Rivers,NG033,Okrika,NG033018,303209
Rivers,NG033,Omumma,NG033019,137064
Rivers,NG033,Opobo/Nkoro,NG033020,206910
Rivers,NG033,Oyigbo,NG033021,167547
Rivers,NG033,Port-Harcourt,NG033022,738971
Rivers,NG033,Tai,NG033023,160869
Sokoto,NG034,Binji,NG034001,138624
Sokoto,NG034,Bodinga,NG034002,231517
Sokoto,NG034,Dange-Shuni,NG034003,256780
Sokoto,NG034,Gada,NG034004,327686
Sokoto,NG034,Goronyo,NG034006,240611
Sokoto,NG034,Gudu,NG034007,126108
Sokoto,NG034,Gwadabawa,NG034005,305368
Sokoto,NG034,Illela,NG034008,198629
Sokoto,NG034,Isa,NG034009,192840
Sokoto,NG034,Kebbe,NG034010,164535
Sokoto,NG034,Kware,NG034011,176732
Sokoto,NG034,Rabah,NG034012,196882
Sokoto,NG034,Sabon Birni,NG034013,274008
Sokoto,NG034,Shagari,NG034014,206448
Sokoto,NG034,Silame,NG034015,137768
Sokoto,NG034,Sokoto North,NG034016,307332
Sokoto,NG034,Sokoto South,NG034017,257265
Sokoto,NG034,Tambuwal,NG034018,296885
Sokoto,NG034,Tangaza,NG034019,150274
Sokoto,NG034,Tureta,NG034020,90241
Sokoto,NG034,Wamako,NG034021,237078
Sokoto,NG034,Wurno,NG034022,214228
Sokoto,NG034,Yabo,NG034023,151802
Taraba,NG035,Ardo-Kola,NG035001,113742
Taraba,NG035,Bali,NG035002,273406
Taraba,NG035,Donga,NG035003,175494
Taraba,NG035,Gashaka,NG035004,114868
Taraba,NG035,Gassol,NG035005,320271
Taraba,NG035,Ibi,NG035006,109991
Taraba,NG035,Jalingo,NG035007,182997
Taraba,NG035,Karim-Lamido,NG035008,256276
Taraba,NG035,Kurmi,NG035009,119775
Taraba,NG035,Lau,NG035010,126395
Taraba,NG035,Sardauna,NG035011,293692
Taraba,NG035,Takum,NG035012,177114
Taraba,NG035,Ussa,NG035013,120411
Taraba,NG035,Wukari,NG035014,316080
Taraba,NG035,Yorro,NG035015,116999
Taraba,NG035,Zing,NG035016,166663
Yobe,NG036,Bade,NG036001,192508
Yobe,NG036,Bursari,NG036002,150286
Yobe,NG036,Damaturu,NG036003,121213
Yobe,NG036,Fika,NG036004,188532
Yobe,NG036,Fune,NG036005,414207
Yobe,NG036,Geidam,NG036006,216627
Yobe,NG036,Gujba,NG036007,179157
Yobe,NG036,Gulani,NG036008,142554
Yobe,NG036,Jakusko,NG036009,315493
Yobe,NG036,Karasuwa,NG036010,147349
Yobe,NG036,Machina,NG036011,84844
Yobe,NG036,Nangere,NG036012,120950
Yobe,NG036,Nguru,NG036013,207450
Yobe,NG036,Potiskum,NG036014,283532
Yobe,NG036,Tarmua,NG036015,106325
Yobe,NG036,Yunusari,NG036016,173281
Yobe,NG036,Yusufari,NG036017,152988
Zamfara,NG037,Anka,NG037001,191036
Zamfara,NG037,Bakura,NG037002,250953
Zamfara,NG037,Birnin Magaji,NG037003,239827
Zamfara,NG037,Bukkuyum,NG037004,284154
Zamfara,NG037,Bungudu,NG037005,346298
Zamfara,NG037,Gummi,NG037006,274629
Zamfara,NG037,Gusau,NG037007,514462
Zamfara,NG037,Kaura Namoda,NG037008,377784
Zamfara,NG037,Maradun,NG037009,283106
Zamfara,NG037,Maru,NG037010,391927
Zamfara,NG037,Shinkafi,NG037011,182132
Zamfara,NG037,Talata Mafara,NG037012,288914
Zamfara,NG037,Tsafe,NG037013,357162
Zamfara,NG037,Zurmi,NG037014,394527
